VariantID,cDNA,Protein,Genome
1,c.303T>G,p.(Tyr101*),g.41256277A>C
2,c.314A>G,"p.(Tyr105Cys), p.Tyr105Cys",g.41256266T>C
3,c.321del,p.(Phe107Leufs*12),g.41256259del
4,c.329dup,p.(Glu111Glyfs*3),g.41256251dup
5,c.370A>G,p.Ile124Val,g.41256210T>C
6,c.380G>A,p.Ser127Asn,g.41256200C>T
7,c.390C>G,p.(Tyr130*),g.41256190G>C
8,c.396C>A,"p.(Asn132Lys), p.Asn132Lys",g.41256184G>T
9,c.593+8A>G,?,g.41249253T>C
10,c.593+16C>G,p.(=),g.41249245G>C
11,c.593+25A>T,p.?,g.41249236T>A
12,c.593+77T>C,p.?,g.41249184A>G
13,c.594-225G>A,p.(=),g.41248164C>T
14,c.594-203_670+515del,p.?,g.41247348_41248142del
15,c.594-60 del,p.(=),g.41247999del
16,c.594-34T>C,"p.?, p.(=)",g.41247973A>G
17,c.594-15G>C,NA,g.41247954C>G
18,c.594-2A>C,"p.?, ?",g.41247941T>G
19,c.594-2A>G,p.?,g.41247941T>C
20,c.594_597del,"p.(Ser198Argfs*35), p.?",g.41247936_41247939del
21,c.595G>A,p.(Val199Met),g.41247938C>T
22,c.612G>C,p.Leu204Phe,g.41247921C>G
23,c.616C>T,p.(Gln206*),g.41247917G>A
24,c.637A>G,p.Arg213Gly,g.41247896T>C
25,c.639G>A,p.(=),g.41247894C>T
26,c.641A>G,p.(Asp214Gly),g.41247892T>C
27,c.652T>C,p.(=),g.41247881A>G
28,c.661G>T,p.Ala221Ser,g.41247872C>A
29,c.669G>A,p.(=),g.41247864C>T
30,c.670G>C,"p.?, p.(Ala224Pro)",g.41247863C>G
31,c.670+1delG,?,g.41247862delC
32,c.670+1G>T,p.?,g.41247862C>A
33,c.670+7G>A,?,g.41247856C>T
34,c.670+8C>A,p.?,g.41247855G>T
35,c.670+8C>T,"p.?, p.=, ?, NA",g.41247855G>A
36,c.1881_1882insCC,p.(Ser628Profs*5),g.41245666_41245667insGG
37,c.1884T>G,p.Ser628Arg,g.41245664A>C
38,c.1892dup,p.(Ser632Lysfs*4),g.41245656dup
39,c.1895G>A,p.Ser632Asn,g.41245653C>T
40,c.3816C>A,p.(Asn1272Lys),g.41243732G>T
41,c.3820dup,p.(Val1274Glyfs*13),g.41243728dup
42,c.3823A>G,"p.(Ile1275Val), p.Ile1275Val",g.41243725T>C
43,c.3835G>A,p.(Ala1279Thr),g.41243713C>T
44,c.3839_3840inv,p.(Ser1280*),g.41243708_41243709inv
45,c.3839_3843delinsAGGC,p.(Ser1280*),g.41243705_41243709delinsGCCT
46,c.3841C>T,p.(Gln1281*),g.41243707G>A
47,c.3845A>T,p.(Glu1282Val),g.41243703T>A
48,c.3851A>G,p.His1284Arg,g.41243697T>C
49,c.3858_3861del,p.(Ser1286Argfs*20),g.41243687_41243690del
50,c.3869_3870del,p.(Lys1290Metfs*4),g.41243678_41243679del
51,c.3878C>T,p.Ala1293Val,g.41243670G>A
52,c.3889delT,p.(fs),g.41243659delA
53,c.3891_3893del,"p.(Ser1298del), p.(Ser1297del)",g.41243655_41243657del
54,c.3903T>A,"p.(Ser1301Arg), p.(Ser1340Arg)",g.41243645A>T
55,c.3904G>T,p.(Glu1302*),g.41243644C>A
56,c.3910G>T,p.(Glu1304*),g.41243638C>A
57,c.3914A>T,p.(Asp1305Val),g.41243634T>A
58,c.3916_3917del,p.(Leu1306Aspfs*23),g.41243631_41243632del
59,c.3918G>A,p.=,g.41243630C>T
60,c.3918G>T,p.(Leu1306Phe),g.41243630C>A
61,c.3929C>A,p.Thr1310Lys,g.41243619G>T
62,c.3931_3934del,"p.(Asn1311Profs*6), p.(Asn1311fs)",g.41243614_41243617del
63,c.3959C>G,p.(Ser1320Cys),g.41243589G>C
64,c.3973del,p.(Arg1325Glyfs*11),g.41243575del
65,c.3994G>A,p.(Gly1332*),g.41243554C>T
66,c.4002T>C,p.(=),g.41243546A>G
67,c.4013del,p.(Lys1338fs),g.41243535del
68,c.4015dup,p.(Glu1339Glyfs*6),g.41243533dup
69,c.4015G>A,p.(Glu1339Lys),g.41243533C>T
70,c.4025C>T,p.(Ser1342Leu),g.41243523G>A
71,c.4026A>C,p.(=),g.41243522T>G
72,c.4035del,"p.(Glu1346Lysfs*20), p.(Glu1346fs)",g.41243513del
73,c.4036G>A,"p.Glu1346Lys, p.(Glu1346Lys)",g.41243512C>T
74,c.4039A>G,"p.(Arg1347Gly), p.Arg1347Gly",g.41243509T>C
75,c.4045A>C,p.Thr1349Pro,g.41243503T>G
76,c.4046C>G,p.Thr1349Arg,g.41243502G>C
77,c.4046C>T,"p.(Thr1349Met), p.Thr1349Met",g.41243502G>A
78,c.4054G>A,p.(Glu1352Lys),g.41243494C>T
79,c.4057G>T,p.(Glu1353*),g.41243491C>A
80,c.4065_4068del,"p.(Asn1355LysfsTer10), p.(Asn1355Lysfs*10), p.Asn1355fs, p.(Asn1355fs)",g.41243480_41243483del
81,c.4081A>C,p.Met1361Leu,g.41243467T>G
82,c.4088C>G,p.(Ser1363*),g.41243460G>C
83,c.4096G>A,p.(Gly1366Ser),g.41243452C>T
84,c.4096+1G>A,?,g.41243451C>T
85,c.4096+3A>T,p.?,g.41243449T>A
86,c.4096+6G>A,p.?,g.41243446C>T
87,c.4096+27C>T,p.?,g.41243425G>A
88,c.4096+162delA,p.?,g.41243290delT
89,c.4097-141A>C,p.(=),g.41243190T>G
90,c.4097-21C>T,p.?,g.41243070G>A
91,c.548-9A>G,p.?,g.41249315T>C
92,c.552T>C,p.=,g.41249302A>G
93,c.556T>G,p.(Ser186Ala),g.41249298A>C
94,c.557C>A,"p.(Ser186Tyr), p.Ser186Tyr",g.41249297G>T
95,c.(-20+1_-19-1)_(*1383_?)del,p.?,g.(?_41196312)_(41276133_41277287)del
96,c.-20+11C>T,p.?,g.41277277G>A
97,c.-20+101C>G,p.(=),g.41277187G>C
98,c.-19-134T>C,p.(=),g.41276266A>G
